<?xml version="1.0" encoding="UTF-8"?>
<oaire:resource xmlns:xsi="http://www.w3.org/2001/XMLSchema-instance"
 xmlns:rdf="http://www.w3.org/1999/02/22-rdf-syntax-ns#"
 xmlns:dc="http://purl.org/dc/elements/1.1/"
 xmlns:datacite="http://datacite.org/schema/kernel-4"
 xmlns:vc="http://www.w3.org/2007/XMLSchema-versioning"
 xmlns:oaire="http://namespace.openaire.eu/schema/oaire/"
 xsi:schemaLocation="http://namespace.openaire.eu/schema/oaire/ https://www.openaire.eu/schema/repo-lit/4.0/openaire.xsd">
    <!-- 
    example metadata adapted from http://uu.diva-portal.org/dice/oai?verb=ListRecords&metadataPrefix=oai_dc&identifier=oai:DiVA.org:uu-160648
    and reduced to the very minimal mandatory elements
    -->
    <datacite:titles>
        <datacite:title>A general approach to finite dimensional division algebras</datacite:title>
    </datacite:titles>
    <datacite:creators>
        <datacite:creator>
            <datacite:creatorName>Dieterich, Ernst</datacite:creatorName>
        </datacite:creator>
    </datacite:creators>
    <dc:language>eng</dc:language>
    <datacite:dates>
        <datacite:date dateType="Issued">2011</datacite:date>
    </datacite:dates>
    <oaire:resourceType resourceTypeGeneral="literature" uri="http://purl.org/coar/resource_type/c_93fc">report</oaire:resourceType>
    <datacite:identifier identifierType="URN">http://urn.kb.se/resolve?urn=urn:nbn:se:uu:diva-160648</datacite:identifier>
    <datacite:rights rightsURI="http://purl.org/coar/access_right/c_abf2">open access</datacite:rights>
</oaire:resource>
